[
  {
    "id": "12a1b584-c902-4015-96f9-8633505d9d7d",
    "data": [
      {
        "text": "I like your sense of humor",
        "userDefined": false
      }
    ],
    "isTemplate": false,
    "count": 1,
    "lang": "en",
    "updated": 0
  },
  {
    "id": "3e09fcbc-336c-46e7-86bd-65ea840d0a31",
    "data": [
      {
        "text": "I love your jokes",
        "userDefined": false
      }
    ],
    "isTemplate": false,
    "count": 1,
    "lang": "en",
    "updated": 0
  },
  {
    "id": "e0892e4c-2a33-49c0-aafa-86ef805945c5",
    "data": [
      {
        "text": "nice one",
        "userDefined": false
      }
    ],
    "isTemplate": false,
    "count": 0,
    "lang": "en",
    "updated": 0
  },
  {
    "id": "b5c93cb7-27a1-40d8-8ee3-6dd19ac9a8aa",
    "data": [
      {
        "text": "funny",
        "userDefined": false
      }
    ],
    "isTemplate": false,
    "count": 0,
    "lang": "en",
    "updated": 0
  },
  {
    "id": "e88d3e41-3646-4a0f-b640-7caefbd9bf08",
    "data": [
      {
        "text": "I loved that joke",
        "userDefined": false
      }
    ],
    "isTemplate": false,
    "count": 1,
    "lang": "en",
    "updated": 0
  },
  {
    "id": "6ad07318-b9a3-4b91-a229-ade4220ba656",
    "data": [
      {
        "text": "i do like your jokes",
        "userDefined": false
      }
    ],
    "isTemplate": false,
    "count": 0,
    "lang": "en",
    "updated": 0
  },
  {
    "id": "3cbd7ba0-e64c-4d4a-8b7f-8f1cfd9bcdfe",
    "data": [
      {
        "text": "it\u0027s the funniest joke ever",
        "userDefined": false
      }
    ],
    "isTemplate": false,
    "count": 0,
    "lang": "en",
    "updated": 0
  },
  {
    "id": "1540ebee-2fb6-4b97-a765-2883d6077710",
    "data": [
      {
        "text": "i like this ",
        "userDefined": false
      },
      {
        "text": "one",
        "userDefined": false
      }
    ],
    "isTemplate": false,
    "count": 0,
    "lang": "en",
    "updated": 0
  },
  {
    "id": "0ec6a9be-ecbd-4d84-9047-5c46caf957b1",
    "data": [
      {
        "text": "hilarious",
        "userDefined": false
      }
    ],
    "isTemplate": false,
    "count": 0,
    "lang": "en",
    "updated": 0
  },
  {
    "id": "92822ff0-659e-4af5-bf74-ecac00f00a1f",
    "data": [
      {
        "text": "lol",
        "userDefined": false
      }
    ],
    "isTemplate": false,
    "count": 0,
    "lang": "en",
    "updated": 0
  },
  {
    "id": "7b11a3ce-8425-4336-81e8-4aa31b84c38c",
    "data": [
      {
        "text": "good joke",
        "userDefined": false
      }
    ],
    "isTemplate": false,
    "count": 0,
    "lang": "en",
    "updated": 0
  },
  {
    "id": "300ca434-6a74-405b-ab2d-66e00321680e",
    "data": [
      {
        "text": "you are so witty",
        "userDefined": false
      }
    ],
    "isTemplate": false,
    "count": 0,
    "lang": "en",
    "updated": 0
  },
  {
    "id": "08eac29e-2c1f-480b-8077-c1206c26f00a",
    "data": [
      {
        "text": "ahahah lol",
        "userDefined": false
      }
    ],
    "isTemplate": false,
    "count": 0,
    "lang": "en",
    "updated": 0
  },
  {
    "id": "27ff2ecc-57e1-44cc-85a8-e127b2fd2b57",
    "data": [
      {
        "text": "your jokes are always funny",
        "userDefined": false
      }
    ],
    "isTemplate": false,
    "count": 0,
    "lang": "en",
    "updated": 0
  },
  {
    "id": "ab7da895-8b44-47b6-aeda-6b8b416874c8",
    "data": [
      {
        "text": "rofl",
        "userDefined": false
      }
    ],
    "isTemplate": false,
    "count": 0,
    "lang": "en",
    "updated": 0
  },
  {
    "id": "1f82c5c0-b5ca-4fee-a43b-d7b5a6f96f07",
    "data": [
      {
        "text": "you are so funny",
        "userDefined": false
      }
    ],
    "isTemplate": false,
    "count": 0,
    "lang": "en",
    "updated": 0
  },
  {
    "id": "bd428c8c-8ce4-4c2f-b239-98bb7fa97f84",
    "data": [
      {
        "text": "so funny",
        "userDefined": false
      }
    ],
    "isTemplate": false,
    "count": 0,
    "lang": "en",
    "updated": 0
  },
  {
    "id": "b09605a5-e639-47a7-818d-5846df98dc0a",
    "data": [
      {
        "text": "hahaha",
        "userDefined": false
      }
    ],
    "isTemplate": false,
    "count": 0,
    "lang": "en",
    "updated": 0
  },
  {
    "id": "dd17bb35-558b-4a18-8727-09212b348bef",
    "data": [
      {
        "text": "ahha",
        "userDefined": false
      }
    ],
    "isTemplate": false,
    "count": 0,
    "lang": "en",
    "updated": 0
  },
  {
    "id": "f8e2c504-6d91-4165-bfc4-5fc5c37255c3",
    "data": [
      {
        "text": "cool",
        "userDefined": false
      }
    ],
    "isTemplate": false,
    "count": 0,
    "lang": "en",
    "updated": 0
  },
  {
    "id": "bb7f14de-97d9-42ab-9e79-15dfa397e07f",
    "data": [
      {
        "text": "nice joke",
        "userDefined": false
      }
    ],
    "isTemplate": false,
    "count": 1,
    "lang": "en",
    "updated": 0
  },
  {
    "id": "5e5c0fdb-c91c-4aa5-b42f-2fb0febb47d0",
    "data": [
      {
        "text": "you\u0027re funny",
        "userDefined": false
      }
    ],
    "isTemplate": false,
    "count": 0,
    "lang": "en",
    "updated": 0
  },
  {
    "id": "dd1614d5-76b0-4820-b105-daf3d282b9c7",
    "data": [
      {
        "text": "your jokes are good",
        "userDefined": false
      }
    ],
    "isTemplate": false,
    "count": 0,
    "lang": "en",
    "updated": 0
  },
  {
    "id": "8cd8d9b3-4041-4b63-b4b9-5c0bf69de6aa",
    "data": [
      {
        "text": "nice",
        "userDefined": false
      },
      {
        "text": " joke I like it",
        "userDefined": false
      }
    ],
    "isTemplate": false,
    "count": 0,
    "lang": "en",
    "updated": 0
  },
  {
    "id": "354274bd-68a6-4776-a67f-183c564a6a27",
    "data": [
      {
        "text": "you have such a good sense of humor",
        "userDefined": false
      }
    ],
    "isTemplate": false,
    "count": 1,
    "lang": "en",
    "updated": 0
  },
  {
    "id": "be93b75f-405a-4f6d-b8a2-671c14e8d016",
    "data": [
      {
        "text": "haha you have a good sense of humor",
        "userDefined": false
      }
    ],
    "isTemplate": false,
    "count": 1,
    "lang": "en",
    "updated": 0
  },
  {
    "id": "03f76af7-8372-491e-b60c-0769c63140e2",
    "data": [
      {
        "text": "I do appreciate your sense of humor",
        "userDefined": false
      }
    ],
    "isTemplate": false,
    "count": 0,
    "lang": "en",
    "updated": 0
  },
  {
    "id": "a9baf789-98e2-437e-8202-391a3ccde274",
    "data": [
      {
        "text": "great joke",
        "userDefined": false
      }
    ],
    "isTemplate": false,
    "count": 0,
    "lang": "en",
    "updated": 0
  }
]